{"ConfigID":[1,3,5,10,11,12,13,14,15,16,17,18],"Architecture":["dropout=0.0, conv_filters=[16, 32], batchnorm=false, dense_neurons=32","dropout=0.0, conv_filters=[8, 16, 32], batchnorm=false, dense_neurons=64","dropout=0.0, conv_filters=[16, 32, 32], batchnorm=false, dense_neurons=128","dropout=0.3, conv_filters=[32, 64, 128], batchnorm=false, dense_neurons=128","dropout=0.2, conv_filters=[32, 64, 128], batchnorm=false, dense_neurons=128","dropout=0.4, conv_filters=[32, 64, 128], batchnorm=false, dense_neurons=128","dropout=0.15, conv_filters=[16, 32, 64], batchnorm=false, dense_neurons=128","dropout=0.0, conv_filters=[16, 32, 32], batchnorm=true, dense_neurons=128","dropout=0.3, conv_filters=[32, 64, 128], batchnorm=true, dense_neurons=128","dropout=0.3, conv_filters=[32, 64], batchnorm=false, dense_neurons=256","dropout=0.25, conv_filters=[16, 32, 64, 64], batchnorm=false, dense_neurons=128","dropout=0.3, conv_filters=[32, 64, 64, 128], batchnorm=true, dense_neurons=128"],"Accuracy_Mean":[0.9811711711711713,0.9704144144144145,0.9717477477477476,0.9677297297297297,0.9690630630630631,0.961009009009009,0.9717297297297296,0.9771171171171172,0.9623603603603603,0.9744504504504503,0.9838378378378378,0.9731171171171173],"Accuracy_Std":[0.005681392801955873,0.012216860648978095,0.01682896386696599,0.012884520780401797,0.01485388619966271,0.008862181898253246,0.021504412036471306,0.010248316982507239,0.0037354267322933744,0.017400289289683134,0.012252517220240353,0.006714764406440988],"ErrorRate_Mean":[0.018828828828828813,0.029585585585585595,0.02825225225225223,0.032270270270270254,0.030936936936936908,0.03899099099099097,0.02827027027027027,0.02288288288288287,0.037639639639639656,0.025549549549549556,0.016162162162162153,0.026882882882882875],"ErrorRate_Std":[0.005681392801955873,0.012216860648978093,0.01682896386696599,0.012884520780401797,0.01485388619966271,0.008862181898253246,0.021504412036471306,0.010248316982507239,0.0037354267322933744,0.01740028928968313,0.012252517220240353,0.006714764406440988],"Sensitivity_Mean":[0.9811711711711713,0.9704144144144145,0.9717477477477476,0.9677297297297297,0.9690630630630631,0.961009009009009,0.9717297297297296,0.9771171171171172,0.9623603603603603,0.9744504504504503,0.9838378378378378,0.9731171171171173],"Sensitivity_Std":[0.005681392801955873,0.012216860648978095,0.01682896386696599,0.012884520780401797,0.01485388619966271,0.008862181898253246,0.021504412036471306,0.010248316982507239,0.0037354267322933744,0.017400289289683134,0.012252517220240353,0.006714764406440988],"Specificity_Mean":[0.9813095084991265,0.9704806406983769,0.9717769507070155,0.9679362679189645,0.968942276090077,0.961038211968277,0.9719040641218003,0.9772924387978463,0.9623457848620068,0.9745556356645038,0.9838348759718624,0.9727459745253546],"Specificity_Std":[0.005967640432756712,0.012195498362846197,0.016819370995108295,0.013191400154005065,0.015261551438106216,0.008856658769742651,0.02131336177517021,0.010251628187141187,0.004254410482197843,0.017621706811047126,0.012106775607172682,0.006897508534267641],"Precision_Mean":[0.9815570481958421,0.9713214297343653,0.9720351236433169,0.9683165076274406,0.969539553303334,0.96273575783298,0.9724812162892282,0.9775175153696207,0.9633915782026673,0.9754397960733519,0.9841468015317115,0.9735136900579013],"Precision_Std":[0.005680190930656641,0.01130086096398892,0.01672265958238247,0.013070752092919956,0.014513510227631959,0.008641796620060744,0.020637749887603855,0.010101305944566857,0.003923981457410572,0.0167220107190124,0.011913290538201244,0.006386488956223966],"NPV_Mean":[0.9814080833111216,0.9712388718349304,0.9719884808826939,0.9680944288426467,0.9696223210837817,0.9626821884182994,0.9723031224558323,0.9773341166961428,0.9633766402843751,0.9753178704506817,0.9841413828040484,0.9738446970462382],"NPV_Std":[0.00540943178252985,0.011320508681328724,0.016744436625208043,0.012787587421657875,0.01415377826917785,0.008639981295221987,0.020808430578890678,0.010104209742786464,0.0035181372420232605,0.016569521499626164,0.012069721982759185,0.006222484532253567],"F1_Mean":[0.9811681066907433,0.9703962362332332,0.9717432983595385,0.967722621263843,0.9690483748222466,0.9609721772903921,0.9717141035074214,0.9771137980031289,0.9623387770138793,0.9744315434493288,0.9838342427485698,0.9731049706880205],"F1_Std":[0.005685270075719319,0.012236513853488564,0.01683064594947423,0.01288776957019466,0.014876511807195738,0.00887631931457116,0.021524420957556193,0.010250364101106375,0.003744860857083926,0.01741997953946579,0.01225522729785689,0.0067247439194565595],"ConfusionMatrix_Sum":[[368.0,5.0,9.0,362.0],[365.0,10.0,12.0,357.0],[366.0,10.0,11.0,357.0],[362.0,9.0,15.0,358.0],[367.0,13.0,10.0,354.0],[362.0,14.0,15.0,353.0],[364.0,8.0,13.0,359.0],[366.0,6.0,11.0,361.0],[363.0,14.0,14.0,353.0],[366.0,8.0,11.0,359.0],[371.0,6.0,6.0,361.0],[372.0,15.0,5.0,352.0]]}