{"ConfigID":[1,2,3,4,5,6,7,8,9,10],"Architecture":["dropout=0.0, conv_filters=[16, 32], dense_neurons=32","dropout=0.0, conv_filters=[16, 32], dense_neurons=64","dropout=0.0, conv_filters=[8, 16, 32], dense_neurons=64","dropout=0.0, conv_filters=[16, 32, 64], dense_neurons=64","dropout=0.0, conv_filters=[16, 32, 32], dense_neurons=128","dropout=0.25, conv_filters=[16, 32], dense_neurons=64","dropout=0.25, conv_filters=[16, 32, 64], dense_neurons=64","dropout=0.25, conv_filters=[16, 32, 64], dense_neurons=128","dropout=0.3, conv_filters=[32, 64], dense_neurons=128","dropout=0.3, conv_filters=[32, 64, 128], dense_neurons=128"],"Accuracy_Mean":[0.973081081081081,0.9623603603603603,0.9731171171171173,0.9397837837837837,0.973081081081081,0.9677297297297297,0.9703783783783784,0.9622882882882882,0.9610990990990992,0.9731171171171173],"Accuracy_Std":[0.014376555010941641,0.023137496020539442,0.01057141086613674,0.06736602373694846,0.018406774565100502,0.01740609552284888,0.01627733726581904,0.03266306882787417,0.03274898073195909,0.006714764406440988],"ErrorRate_Mean":[0.02691891891891889,0.037639639639639656,0.026882882882882875,0.06021621621621622,0.02691891891891891,0.032270270270270254,0.02962162162162163,0.037711711711711705,0.038900900900900905,0.026882882882882875],"ErrorRate_Std":[0.01437655501094164,0.023137496020539442,0.01057141086613674,0.06736602373694846,0.018406774565100502,0.01740609552284888,0.01627733726581904,0.03266306882787417,0.03274898073195909,0.006714764406440988],"Sensitivity_Mean":[0.973081081081081,0.9623603603603603,0.9731171171171173,0.9397837837837837,0.973081081081081,0.9677297297297297,0.9703783783783784,0.9622882882882882,0.9610990990990992,0.9731171171171173],"Sensitivity_Std":[0.014376555010941641,0.023137496020539442,0.01057141086613674,0.06736602373694846,0.018406774565100502,0.01740609552284888,0.01627733726581904,0.03266306882787417,0.03274898073195909,0.006714764406440988],"Specificity_Mean":[0.9732943744032424,0.9622112797729236,0.9731843306897382,0.938875101489377,0.9730751963210507,0.9679401391297571,0.9705887488064849,0.9628581097319383,0.9609871197801985,0.973253518839676],"Specificity_Std":[0.013914645361695581,0.023020019426648962,0.010802367382065034,0.06937624232688552,0.01847906306675393,0.01721519798012899,0.016067445750187332,0.0316496679067898,0.03397202873004834,0.00663505377004891],"Precision_Mean":[0.974133020494507,0.9650253102160263,0.9736913533834588,0.947989608157922,0.9736540788326705,0.9687680184278115,0.9713883139810073,0.9654365673372943,0.9646482732413519,0.9736689340744018],"Precision_Std":[0.013113812290090768,0.020779228325731706,0.010177102150437448,0.04999384991672847,0.018170648850915336,0.016384751652005956,0.015218780161714233,0.026167766618226493,0.027016429764816635,0.0062270584515754495],"NPV_Mean":[0.9739218420603555,0.9651434132777974,0.9736056063118429,0.9486103339861811,0.9736393133291426,0.9685531578415898,0.9711742494750943,0.9649238133787537,0.9646774928774929,0.9735216759493165],"NPV_Std":[0.0135326745061675,0.020910142971079654,0.009985979166232752,0.04857997661072232,0.018127512416447864,0.01655061763322248,0.015393735856182325,0.027006208408115736,0.02602839182762589,0.006288911644851239],"F1_Mean":[0.973063410729855,0.9622781128047823,0.973107089378422,0.9386620575862296,0.9730704358981519,0.9677083682181635,0.9703590409752575,0.9621415189521402,0.9609064943429374,0.9731099861171781],"F1_Std":[0.01440203525953944,0.023214682436475616,0.01058499564559811,0.06984475715102115,0.018413541234204547,0.017428882464394033,0.01629940178052202,0.03298109074290966,0.0331389661220876,0.0067222907105662835],"ConfusionMatrix_Sum":[[364.0,7.0,13.0,360.0],[365.0,16.0,12.0,351.0],[366.0,9.0,11.0,358.0],[367.0,35.0,10.0,332.0],[367.0,10.0,10.0,357.0],[362.0,9.0,15.0,358.0],[363.0,8.0,14.0,359.0],[355.0,6.0,22.0,361.0],[364.0,16.0,13.0,351.0],[365.0,8.0,12.0,359.0]]}